{
    "energy_log": {"min": -2.157084261682995, "max": 8.928623924712504, "range": 11.08570819},
    "h":          {"min": 0.0,   "max": 5230.0, "range": 5230.0},
    "bx":         {"min": 9.63,   "max": 36.118, "range": 25.488},
    "bz":         {"min": -14.326,"max": 55.928, "range": 70.254}
}