{
  "h": {
    "min": 0.0,
    "max": 5230.0,
    "range": 5230.0
  },
  "bx": {
    "min": 9.63,
    "max": 36.118,
    "range": 26.488
  },
  "bz": {
    "min": -14.326,
    "max": 55.928,
    "range": 70.25399999999999
  },
  "logE": {
    "min": -2.1570927646089166,
    "max": 9.188428446486457,
    "range": 11.345521211095374
  },
  "mu": {
    "min": 0.0,
    "max": 1.0,
    "range": 1.0
  }
}